reaction_id,flux_mmol_gDW_h
EX_photonVis_e,-63.28136482281884
PRISM_design_growth,63.28136482281883
ATPSm,33.01190476190495
HCO3_h_thi,20.2452380952382
HCO3E,-20.2452380952382
HCO3Ehi,20.2452380952382
CBFC,20.19761904761918
FNORh,20.19761904761918
PSIred,20.19761904761918
H2Othu,-20.197619047619177
MDHC_nadp_hr,-18.31666666666676
PYRth,18.292857142857233
ENO,18.29285714285723
CO2tm,-18.245238095238193
PPCKm,18.24523809523819
2PGtm,-18.24523809523819
ENOm,-18.24523809523819
NA1Hth,17.388095238095286
PYK,17.283333333333356
PItm,14.320238095238187
DM_photon646_h,13.972143762110992
H2Otm,-12.900000000000004
MDHm,-10.42142857142864
NA1ATPasem,10.350000000000064
MAL_na_tm,10.350000000000064
ATPSh,10.09880952380959
DM_o2D_u,10.098809523809589
PSIIred,10.098809523809589
EX_o2_e,-10.0
O2t,10.0
CYOR_q8_m,9.9928571428572
NADHOR,9.921428571428628
MAL_na_th,-9.269047619047614
MDHh,-9.047619047619143
ASPATh,-9.047619047619142
ASPth,-8.904761904762
ASPtm,7.82380952380955
ATPPH,7.599999999999929
34HPPt2m,7.520238095238121
TYRtm,-7.520238095238121
TYRTA,-7.5202380952381205
TYRTAm,7.52023809523812
ASPATm,7.52023809523812
DM_photon680_u,6.02938810164009
O2tmr,5.148214285714314
CYOO6m,4.844642857142884
GAPDHh,-4.666666666666718
PGKh,-4.666666666666717
H2Ot,4.544047619047624
EX_h2o_e,-4.544047619047624
GAL,4.523809523809571
GLUS,4.523809523809571
GLNth,4.523809523809571
AKG_na_th,-4.52380952380957
ACKrm,4.20238095238098
ACtm,4.20238095238098
PTArm,-4.20238095238098
NA1th,-4.047619047619065
PTArh,3.988095238095262
ACth,-3.988095238095262
ACKrh,-3.9880952380952617
PIcm,3.9249999999999976
ACCOAtm,-3.916666666666693
ACCOAth,3.845238095238116
CHLDA1tu,3.1744047619047637
CHLDA2tu,3.1744047619047637
ATPM_NGAM,2.85
ASPO,2.7583333333333044
ASPAT,-2.686904761904727
PRUK,2.3571428571428785
RBPCh,2.3571428571428785
CO2t,2.0
EX_co2_e,-2.0
TPIh,-1.8809523809524016
FBA3hi,1.5714285714285863
RPEh,-1.5714285714285863
SBP,1.571428571428586
CAT,1.3791666666666522
FUMm,1.0809523809524486
SUCFUMtmr,-1.009523809523875
DICtm,-1.009523809523875
ADSS,1.0095238095238748
AAL_fum,1.0095238095238748
GTPOP,1.0095238095238748
AMPD,1.0095238095238748
IDP,0.8928571428571602
GLYCOR_nadp,0.8333333333333478
RPIh,0.7857142857142931
TKT2h,-0.7857142857142931
TAh,0.7857142857142931
TKT1h,-0.7857142857142929
ATAM,0.6190476190476304
IDPh,0.5833333333333457
GLYDH,0.5238095238095327
SERNA1th,0.4523809523809611
NH4th,-0.45238095238096104
THRAL,0.45238095238096104
CMK,0.428571428571438
CTPth,0.428571428571438
DXS,0.42857142857143793
CMPth,-0.42857142857143793
DXRI,0.42857142857143793
ATCD,0.42857142857143793
HDS,0.42857142857143793
IDS1,0.42857142857143793
MCS,0.42857142857143793
ATCM,0.42857142857143793
CMS,0.4285714285714379
GDR_nadp_h,0.4285714285714378
GTHPDSOR,-0.4285714285714378
PAPA1801819Z,0.3095238095238152
MAGAH180,0.3095238095238152
DAGAH1801819Z,0.3095238095238152
G3PD2,0.30952380952381514
FACOAL180,0.30952380952381514
AGPATCOA1801819Z,0.30952380952381514
GLYC3Pth,0.30952380952381514
G3PAT180,0.30952380952381514
FACOAL181,0.3095238095238151
GLYALDOR,-0.3095238095238151
ALCD19y,-0.3095238095238151
ALAAT,-0.3095238095238151
SPTA,-0.30952380952381503
CCP2m,0.3035714285714314
NH4tm,-0.30357142857142994
ASPOm,0.30357142857142994
H2Otx,-0.21428571428572024
ALDDH,0.214285714285719
MLTHFtm,0.214285714285719
ETOHtm,-0.21428571428571896
PQQm,-0.21428571428571896
ACDHmi,0.21428571428571896
ALCDH_pqq_x,0.21428571428571896
ACALDtx,-0.21428571428571896
MTHFOR_nadp,-0.21428571428571896
THFtm,-0.21428571428571894
10FTHFtx,0.21428571428571894
MTHFCx,0.21428571428571894
ETOHtx,0.21428571428571894
METHFtx,-0.21428571428571894
FTHFL,0.2142857142857189
ASADH,0.14285714285714604
HSDH,0.142857142857146
HSK,0.142857142857146
ACALDh,0.14285714285714599
THRS,0.14285714285714599
ASPK,0.14285714285714599
IDIh,0.14285714285714599
THRA,0.14285714285714599
FRDPth,0.14285714285714596
SERtm,-0.14285714285714596
GHMT,0.14285714285714596
FPPSh,0.14285714285714596
GLYth,-0.14285714285714596
GLYtm,0.14285714285714596
GPPSh,0.14285714285714596
PPIth,0.130952380952384
CS,0.07142857142857748
ACONTm,0.07142857142857703
MALCITtm,-0.07142857142857703
SUCDH_q8_m,0.07142857142857359
ICL,0.07142857142857359
NNOR,-0.07142857142857299
ERG4_ERGSTRL,0.07142857142857298
SMO,0.07142857142857298
sink_ergosterol_c,0.07142857142857298
ADSHm,0.07142857142857298
ERG28,0.07142857142857298
MERGTROLR,0.07142857142857298
HYD1,0.07142857142857298
IDPm,0.07142857142857298
CYEUOLS,0.07142857142857298
CYARTMT,0.07142857142857298
CAS,0.07142857142857298
METSm,0.07142857142857298
ERG3,0.07142857142857298
MTHFO_nadp,0.07142857142857298
SS,0.07142857142857298
MATm,0.07142857142857298
ERG5,0.07142857142857298
PSPPS,0.07142857142857297
CYEUOLCYCI,0.07142857142857297
OBFOOLOR,0.07142857142857297
AMETt2m,0.07142857142857297
ATAMm,0.07142857142857169
ADNKm,0.07142857142857167
MALSm,0.07142857142856848
PGM,0.04761904761903978
3PG_pi_thr,-0.047619047619039775
ICDH,4.3151644611992655e-15
MALICITtm,4.3151644611992655e-15
NADPth,3.4119897966083502e-15
ADNtm,-1.302413304155548e-15
AMP5N,-1.2961109257398653e-15
ATAMh,-1.1710032045020074e-15
AMPth,-1.1710032045020072e-15
NADHth,-1.00734694933548e-15
NADH_h_tx,8.84132291179659e-16
NADtx,8.841322911796589e-16
EX_pi_e,8.821490785013559e-16
PIt,-8.821490785013559e-16
EX_nh4_e,-8.446908151518195e-16
NH4t,8.446908151518195e-16
GCLDH,4.497988015503406e-16
GLYCLTD,4.497988015503406e-16
GLYCLTtm,4.497988015503406e-16
GLXtx,-4.4206614558982953e-16
CSx,-4.4206614558982953e-16
MALSx,-4.4206614558982953e-16
CITx,4.420661455898295e-16
COA_h_tx,4.420661455898295e-16
ACACT1,-4.420661455898295e-16
HACD1,-4.4206614558982943e-16
ECOAH1,-4.4206614558982943e-16
MDHx,4.4206614558982943e-16
COAth,2.6591815164408797e-16
H2tm,-2.248994007751703e-16
H2th,2.248994007751703e-16
HYDAm,2.248994007751703e-16
HYDAh,-2.2489940077517025e-16
GLUS_ferr,2.2489940077517025e-16
NADtm,-1.968734797905087e-16
DM_na1_c,1.6964873660635217e-16
RBK,4.924194383869997e-17
R5Pth,4.924194383869997e-17
NAPT,4.15092878781889e-17
NCAMt,-4.15092878781889e-17
EX_ncam_e,4.15092878781889e-17
ANNAT,-4.150928787818889e-17
UPRT,-4.150928787818889e-17
UMPP,4.150928787818889e-17
URIH,4.1509287878188886e-17
EX_h_e,3.7458263349536365e-17
UREAtm,-7.732655960511086e-18
ATNAH,7.732655960511084e-18
ATS,7.732655960511084e-18
I5NT,7.732655960511084e-18
URATEtm,7.732655960511084e-18
ISRH,7.732655960511084e-18
ALPH,7.732655960511084e-18
URCB,7.732655960511084e-18
ATAH,7.732655960511084e-18
URDGLYCAH,7.732655960511083e-18
HIUH,7.732655960511083e-18
URDGLYCAtm,-7.732655960511083e-18
XNDH,7.732655960511083e-18
XANDH,7.732655960511083e-18
URO,7.732655960511083e-18
ATDAM,0.0
ATDAMh,0.0
APNn,0.0
APN,0.0
X5NT,0.0
ATAH_co2,0.0
R5PDP,0.0
APATT,0.0
XTSNRH,0.0
ARDP,0.0
RSPN,0.0
SUAT,0.0
BTPS,0.0
ATDAMm,0.0
GMPS,0.0
GMPS_glu_m,0.0
GMPSm,0.0
GTPA,0.0
GTPDPK,0.0
PRAIS,0.0
PPRGLh,0.0
PPRGL,0.0
PAPSTYRST,0.0
NTPD,0.0
GTPOPm,0.0
GUAC,0.0
GUACn,0.0
NTDP,0.0
NDPKm,0.0
ATAMf,0.0
GUAD,0.0
IDPA,0.0
IMPD,0.0
IMPDm,0.0
ITPP,0.0
ITPA,0.0
GMPS_glu,0.0
GMP5N,0.0
ATDGD,0.0
GDPA,0.0
ATDGDm,0.0
ATDGM,0.0
ATGD,0.0
ATGDm,0.0
ATID,0.0
ATIDm,0.0
ATPPHm,0.0
PRFGSh,0.0
BPNT,0.0
BTP,0.0
DAOTO,0.0
DAPOP,0.0
PRFGS,0.0
PRFGCLh,0.0
DGOTO,0.0
DGTD,0.0
GCPN,0.0
PRFGCL,0.0
PRDPAR,0.0
PRAISh,0.0
GCPNn,0.0
NDPK,0.0
AAT,0.0
AGPTf,0.0
TPH,0.0
GLYOXm,0.0
D_LACDHm,0.0
APhi,0.0
ALDDHm,0.0
ALCDHmi,0.0
ALCDHi,0.0
ALCDH_nadp_i,0.0
ALCDH_nadp_hi,0.0
ACDHi,0.0
ACCOAhi,0.0
ACALD,0.0
ACACT,0.0
LLDHm,0.0
LLDHh,0.0
LDHm,0.0
LALDD2,0.0
UMPKf,0.0
ATDCMf,0.0
ATCMf,0.0
UTUP,0.0
UTPPH,0.0
UTPH,0.0
UTGAL,0.0
UTCY,0.0
UTAL,0.0
UPH,0.0
UMPK,0.0
IPPSh,0.0
LALDD1,0.0
LGTHL,0.0
LUMIRHODOPSINI,0.0
ARZS,0.0
ARPT,0.0
AFAT,0.0
DBRC,0.0
TRETINOLPMTACT,0.0
RHODOPSINRT,0.0
RHODOPSINI,0.0
RETPALMIH,0.0
RETINOLSAT,0.0
RETINOLACACT,0.0
RETACIH,0.0
METARHODOPSINH,0.0
CRETINOLPMTACT,0.0
LLDH_ferr_m,0.0
CAROMO,0.0
BATHORHODOPSINI,0.0
TRETINOLOR2,0.0
TRETINOLOR1,0.0
CRETINOLOR2,0.0
CRETINOLOR1,0.0
HYDA,0.0
PYRShi,0.0
PYRDC,0.0
PFLh,0.0
PFLACTm,0.0
LLDH_ferr_x,0.0
UDPGP,0.0
TMDK1,0.0
URO2,0.0
TDSRh,0.0
CSDA,0.0
CMP,0.0
CDPPH,0.0
CDDA,0.0
AUPT,0.0
ATUDm,0.0
ATUD,0.0
ATDUDm,0.0
ATDUD,0.0
ATDTM,0.0
ATDTDm,0.0
ATDTD,0.0
ATDCM,0.0
ATDCDm,0.0
ATDCD,0.0
ATCY,0.0
ATCDm,0.0
ASPCTm,0.0
ASPCT,0.0
ORPRT,0.0
DHROm,0.0
DHRO,0.0
DHR,0.0
DCYTPT,0.0
DAD2PT,0.0
DGSNPT,0.0
INSH,0.0
CYRH,0.0
DATCY,0.0
DATUP,0.0
DURIK1,0.0
TDSR,0.0
ORPDC,0.0
NTD1,0.0
ITUP,0.0
ITCY,0.0
HCGALm,0.0
HCGAL,0.0
GTUP,0.0
GTCY,0.0
DUTUP,0.0
DUTNH,0.0
DUTCP,0.0
DUDT,0.0
DCAH,0.0
DTTUP,0.0
DTTGY,0.0
DTPH,0.0
DTNH,0.0
DTMPK,0.0
DGTUP,0.0
DGTCY,0.0
DCTUP,0.0
DCTCP,0.0
DCMP,0.0
DCMAH,0.0
DCDT,0.0
CTPH,0.0
MPMECY3,0.0
AGPT,0.0
APPT,0.0
PPMh,0.0
PPM,0.0
GLCUR1PUT,0.0
XU5PDPT,0.0
PPCL_CTP,0.0
PPCL,0.0
PPATDm,0.0
PPATDh,0.0
PBALm,0.0
MTMOHT,0.0
DMORm,0.0
DMORh,0.0
DMHL,0.0
CYSCL,0.0
APNPT,0.0
FTCL,0.0
APCPT,0.0
ADCPT,0.0
ACPS1m,0.0
PNORn,0.0
PNORm,0.0
BCTA_val_m,0.0
APPAT,0.0
ACPS1h,0.0
ACPS1,0.0
2DHPFALDL,0.0
NADHOR_2h,0.0
NADHOR_2m,0.0
MTHFO,0.0
MTAM,0.0
RPDPK,0.0
DRBK,0.0
G6PADH,0.0
G6PADHh,0.0
SKK,0.0
SERH,0.0
PPOR,0.0
PPDH,0.0
PHETLm,0.0
IGPS,0.0
G3PL,0.0
DPHS,0.0
DHQS,0.0
CHRS,0.0
ATNS_nh4,0.0
ATNS,0.0
ANTPPT,0.0
TYRTAh,0.0
SKDH,0.0
PSCIT,0.0
PRAI,0.0
POATm,0.0
POATh,0.0
POAT,0.0
DQDH,0.0
CHRM,0.0
RPE,0.0
PGLh,0.0
PGDHh,0.0
PGDH,0.0
GNKh,0.0
G6PBDHh,0.0
G6PBDH,0.0
FTHFO,0.0
FTAL,0.0
TRPTL,0.0
QULNS,0.0
HYNE,0.0
HISD,0.0
URCBm,0.0
NODOy,0.0
NODOx,0.0
NO2R,0.0
NITR_NO,0.0
NITR,0.0
GLYS,0.0
GLUS_nadph,0.0
FORA,0.0
CPS,0.0
AMID,0.0
NNDPR,0.0
ASPO2m,0.0
FOLR2,0.0
NRS,0.0
NPH,0.0
NARP,0.0
NADS1,0.0
NAAH,0.0
N2PH,0.0
DNNH,0.0
DNGALh,0.0
DNGAL,0.0
AN2PT,0.0
NRPH,0.0
ANNATn,0.0
ANNAn,0.0
ANNA,0.0
OGMG,0.0
URCN,0.0
A2GALT1,0.0
A2GALT2,0.0
FGFTm,0.0
FGFTh,0.0
DHFRi,0.0
DHFR2i,0.0
MTAM_nh4,0.0
MDUMT,0.0
FPGFTm,0.0
FPGFTh,0.0
PROAKGOX1,0.0
G6MT2,0.0
G6MT1,0.0
B5ARAT,0.0
B4ARAT,0.0
B2ARAT5,0.0
B2ARAT4,0.0
B2ARAT3,0.0
B2ARAT2,0.0
B2ARAT1,0.0
A4GALT,0.0
A3MT,0.0
A3GALT5,0.0
A3GALT4,0.0
A3GALT3,0.0
A3GALT2,0.0
A3GALT1,0.0
A2GALT6,0.0
A2GALT5,0.0
A2GALT4,0.0
A2GALT3,0.0
TRPS2h,0.0
TYRTL,0.0
AGPOPm,0.0
APAT,0.0
PCPPTh,0.0
PCFPTm,0.0
PCFPTh,0.0
MCDC,0.0
HICH,0.0
PCNOn,0.0
PCNO,0.0
PACPT,0.0
OCDOR,0.0
HPHLm,0.0
HPHL,0.0
HPCOR,0.0
APPTm,0.0
APPTh,0.0
ACCAHm,0.0
PCHLD646OR,0.0
ACCAHh,0.0
PCBOR,0.0
HOXGh,0.0
PHYTOLK,0.0
CPPPGOR,0.0
HCHLDAOR,0.0
UPPDC2,0.0
UPPDC1,0.0
UPP3S,0.0
UPP3MT,0.0
UPP1S,0.0
SHCHF,0.0
PPPGO,0.0
PPBNGS,0.0
PCPPTm,0.0
PPACOAL,0.0
PPACOALh,0.0
PPACOALm,0.0
AGPOP,0.0
ADSSh,0.0
ADRH,0.0
ADPA,0.0
ADNK,0.0
ADNDA,0.0
ADEDA,0.0
ADECn,0.0
ADEC,0.0
ADATT,0.0
AASPm,0.0
AASPh,0.0
AASP,0.0
XPPRT,0.0
UGAH,0.0
PRAICh,0.0
PRAIC,0.0
ICH,0.0
HPRT,0.0
GPAR,0.0
GDTP,0.0
GBDP,0.0
FPGFT,0.0
FPAIF,0.0
DMPH,0.0
DAMPH,0.0
APPRT,0.0
AIAL,0.0
PS_asn_L_c,0.0
PCHLDR,0.0
PCHLD450OR,0.0
AROAT,0.0
ABOR,0.0
DVPCHLDR,0.0
DVCHLDR,0.0
CPP3O,0.0
CPP1O,0.0
CHLDAO,0.0
CHLDADMT,0.0
CHLAE,0.0
CHLADMT,0.0
ORDCh,0.0
ORDC,0.0
CMPA,0.0
ARDC,0.0
AGDIn,0.0
AGDI,0.0
PTOR,0.0
MPML,0.0
SUCDHh,0.0
PSIIblue,0.0
PSIblue,0.0
CEF,0.0
TYRTAAH,0.0
TRPTAH,0.0
PHETAH,0.0
PHETL,0.0
AROHLh,0.0
AROHL,0.0
AROORh,0.0
AROAT2h,0.0
AROAT2,0.0
AROATh,0.0
G1SAT,0.0
HEMELh,0.0
HEMELm,0.0
MPMT,0.0
AUS,0.0
MPMECY2,0.0
MPMECY1,0.0
HOXG,0.0
HEMEOSm,0.0
HEMEASm,0.0
GLUTRS,0.0
GLUTRR,0.0
GGCHLDBR,0.0
GGCHLDAR,0.0
FERO,0.0
FE2TFENR,0.0
FCLT,0.0
DVPCHLD646OR,0.0
DVPCHLD450OR,0.0
CPPPGO,0.0
CHLBSP,0.0
CHLBSG,0.0
CHLASP,0.0
CHLASG,0.0
CHLASE,0.0
BILIRED,0.0
APOFETNs,0.0
UPP3O,0.0
UPP1R,0.0
TFENFEOR,0.0
PPBNGD,0.0
PHPHBDDMC,0.0
PC2D,0.0
AUNOR,0.0
TSULe,0.0
DHPAH,0.0
GLUtm,0.0
DTTPtm,0.0
FA40COAtm,0.0
FADH2tm,0.0
FADtm,0.0
FRDPtm,0.0
GLUNA1tm,0.0
GLYNA1tm,0.0
AKGICITtm,0.0
GMPtm,0.0
H2O2tm,0.0
HCYStm,0.0
HMGCOAtm,0.0
ILEtm,0.0
LEUtm,0.0
D_LACtm,0.0
DHORStm,0.0
DGTPtm,0.0
DCTPtm,0.0
DATPtm,0.0
COAtm,0.0
CITRLtm,0.0
CITICITtm,0.0
ASPNA1tm,0.0
ASNtm,0.0
ASNNA1tm,0.0
ARG_Ltm,0.0
AMETAMtm,0.0
ALLTTtm,0.0
ALLTNtm,0.0
ALAtm,0.0
ALANA1tm,0.0
MALAKGtm,0.0
MALOAAtm,0.0
METHFtm,0.0
SELTtm,0.0
TSULtm2,0.0
THMPPtm,0.0
NICRNTtm,0.0
PRPPtm,0.0
BTNtm,0.0
ASCBtm,0.0
VALtm,0.0
UTPtm,0.0
UDPtm,0.0
THRtm,0.0
THRNA1tm,0.0
SPMDtmr,0.0
SO4NA1tm,0.0
SERNA1tm,0.0
PYRtm,0.0
METtm,0.0
PROtm,0.0
PRONA1tm,0.0
PPCOAtm,0.0
PPAtm,0.0
PNTORtm,0.0
PMTCOAtm,0.0
PINA1tm,0.0
PHEMEtm,0.0
ORNtm,0.0
OAAICITtm,0.0
OAACITtm,0.0
OAAAKGtm,0.0
NA1tm,0.0
NA1Htm,0.0
ALABtm,0.0
AKGCITtm,0.0
NCAMtm,0.0
H2Otf,0.0
PMTCOAts,0.0
RETINALts,0.0
NADPHtf,0.0
NADPtf,0.0
OAAtf,0.0
FDPtf,0.0
PItf,0.0
AKG_na_tm,0.0
PYRtf,0.0
2PGLYCtx,0.0
3PGtx,0.0
ACCOAtx,0.0
ASNtx,0.0
ASPtx,0.0
NADts,0.0
NADPts,0.0
NADPHts,0.0
NADHts,0.0
Hts,0.0
HDCAts,0.0
H2Ots,0.0
COAts,0.0
ACts,0.0
ACCOAts,0.0
PGP1819Z160t,0.0
PGP18111Z160t,0.0
PG1819Z160t,0.0
PG18111Z160t,0.0
PE1829Z12Z1835Z9Z12Zt,0.0
PE1819Z1845Z9Z12Z15Zt,0.0
PE1819Z1835Z9Z12Zt,0.0
CO2tx,0.0
NH4tx,0.0
O2tx,0.0
AMETtg,0.0
ACACtm,0.0
5MTAtm,0.0
5FTHFtm,0.0
4MOPtm,0.0
4ABUTtm,0.0
3MOPtm,0.0
2DHPtm,0.0
23DHMBtm,0.0
1ACPCtm,0.0
GTHRDtm,0.0
UDPtg,0.0
UDPGALtg,0.0
UDPARAtg,0.0
Htg,0.0
AHCYStg,0.0
PItx,0.0
4HPROtg,0.0
FORtxi,0.0
FA40COAabcp,0.0
FA160COAabcp,0.0
NADPtx,0.0
NADPHtx,0.0
H2O2tx,0.0
GLYtx,0.0
GLYCLTtx,0.0
FADtx,0.0
FADH2tx,0.0
ALAtx,0.0
ALANA1tx,0.0
ACACtx,0.0
CMTEPtm,0.0
Stm,0.0
DLDLBT,0.0
MCDH_2mb2coa,0.0
ECH_3hibutcoa,0.0
ECH_3hmbcoa,0.0
HIBH,0.0
HMGL,0.0
IVCDH,0.0
MCDH,0.0
MCTC,0.0
KARI_23dhmp,0.0
MHGS,0.0
MMSDH,0.0
MOD,0.0
MOD_2mbdhl,0.0
MOD_2mhop,0.0
MOD_3mhtpp,0.0
DHRT_ivcoa,0.0
DHRT_ibcoa,0.0
DHRT_2mbcoa,0.0
ALDH,0.0
ACCAT,0.0
MGC,0.0
HMNOS,0.0
HMNO,0.0
ECH_3hivcoa,0.0
VALTAH,0.0
LEUTAH,0.0
ILETAH,0.0
ILETLm,0.0
VALTLh,0.0
VALTL,0.0
TAL,0.0
MOPC,0.0
MOD_3mop,0.0
MOD_4mop,0.0
OIVD3m,0.0
PYDXO,0.0
sink_7dhporiferasterol_c,0.0
ERG4_7ENOL,0.0
ERG4_7DEHYD,0.0
CYP710_ERG5,0.0
STE1_ERG3,0.0
SMT1_CROSS,0.0
C4DEMETH_BRANCH,0.0
SMT1_2ND,0.0
CDI1_BRANCH,0.0
Biomass_Chlamy_hetero,0.0
Biomass_Chlamy_mixo,0.0
Biomass_Chlamy_auto,0.0
PYDXS,0.0
PYDXPP,0.0
PYDXNO,0.0
BCTA,0.0
PYDXNK,0.0
PYDXK,0.0
PYDXDH,0.0
PYDAMK,0.0
PYAMPP,0.0
PYAM5PO,0.0
PDXPP,0.0
PDX5POi,0.0
PYDXOR,0.0
BCTA_val_h,0.0
BCTA_val,0.0
BCTAh,0.0
BCTA_glu_h,0.0
BCTA_glu,0.0
LEUTL,0.0
KARI_23dhmb,0.0
PAPSPAPtm,0.0
NH4tn,0.0
AMETtn,0.0
AMPtn,0.0
APStn,0.0
GMPtn,0.0
H2O2tn,0.0
H2Otn,0.0
O2tnr,0.0
IPMS,0.0
PItn,0.0
SO4tn,0.0
UDPtn,0.0
NADtn,0.0
UDPGtni,0.0
ACAROtu,0.0
AHCYStn,0.0
2DHPtn,0.0
GALTLtm,0.0
TSULtm,0.0
SPMDtmi,0.0
PTRCtmi,0.0
NADHtm,0.0
HCO3_h_tmi,0.0
GLU4ABUTtmi,0.0
GLNtm,0.0
FORtmi,0.0
ATP_3h_tm,0.0
ACSERtmi,0.0
4ABUTtmi,0.0
SO3tm,0.0
CYStm,0.0
DHAPtm,0.0
CAROtu,0.0
CHLAtu,0.0
CHLDBtu,0.0
HPPD,0.0
IMDH,0.0
ILETL,0.0
DHADh,0.0
DHAD_3mob_h,0.0
DHAD_3mob,0.0
DHAD,0.0
ACAS_2ahbut,0.0
KARI_3hmoa,0.0
KARI,0.0
IMDHT_3c2hmp,0.0
IMDHT,0.0
ALPHm,0.0
MAAIn,0.0
MAAI,0.0
HGDO,0.0
GCAROtu,0.0
FAA,0.0
TAT,0.0
34HPPYRI,0.0
TRP23OR,0.0
ASCBtu,0.0
PPItu,0.0
PDPtu,0.0
O2trhu,0.0
NADPtu,0.0
NADPHtu,0.0
MG2tu,0.0
GTHRDtu,0.0
GTHOXtu,0.0
GGDPtu,0.0
PE1819Z1829Z12Zt,0.0
PE1819Z1819Zt,0.0
PE18111Z1845Z9Z12Z15Zt,0.0
PPCK,0.0
ICDH_nad,0.0
PCr,0.0
MDHf,0.0
ICDHhr,0.0
SUCLm,0.0
SUCDHm,0.0
DEDOLDPS,0.0
STARCH300DEGRB,0.0
DEDOLDPSAT,0.0
TTCGGDPS,0.0
SPPS1,0.0
SPPS2,0.0
AMPMPFL,0.0
AMPMPPT,0.0
MDH_nadp_fi,0.0
ICDHm,0.0
CSm,0.0
AKGDHmi,0.0
SUCL_gdp_m,0.0
AKGDHe2r,0.0
ACONTx,0.0
ACONT,0.0
SULRi,0.0
SULR_ferr,0.0
SULOm,0.0
SULO,0.0
BPNT2,0.0
ARSO4SH,0.0
TSULc,0.0
MM2,0.0
PAPSPHENST,0.0
TTS,0.0
ADPEMTCH,0.0
AMPMPPMT,0.0
ALABth,0.0
FADH2th,0.0
FA1819Zh,0.0
FA18111Zh,0.0
FA180h,0.0
FA1619Zh,0.0
FA160h,0.0
ETOHth,0.0
DMPPth,0.0
DHAP_pi_thr,0.0
CYSth,0.0
ASPSAth,0.0
ASPNA1th,0.0
AMETt2h,0.0
AMETAMth,0.0
AKGMALth,0.0
MHETK,0.0
AIRth,0.0
6PGLthr,0.0
5MTAth,0.0
4ABUTth,0.0
3MOBth,0.0
3C3HMPth,0.0
2PGth,0.0
2PGLYCth,0.0
23DHMPth,0.0
23DHMBth,0.0
1ACPCth,0.0
TMDPH,0.0
THMPPPT,0.0
TMDPT,0.0
STARCH300S,0.0
STARCH300DEGRA,0.0
PE18111Z1835Z9Z12Zt,0.0
PRISM_solar_litho,0.0
SELTORm,0.0
SUCHMSSELCYSL,0.0
SUCHMSSELCYSLh,0.0
SECYSTL,0.0
SLCS,0.0
SLDK,0.0
PRISM_solar_exo,0.0
STARCH300DEGR2B,0.0
PRISM_incandescent_60W,0.0
PRISM_fluorescent_warm_18W,0.0
PRISM_fluorescent_cool_215W,0.0
PRISM_metal_halide,0.0
PRISM_high_pressure_sodium,0.0
PRISM_growth_room,0.0
SELTORc,0.0
SELCYSTLh,0.0
SELCYSTL,0.0
SELCYSLY2,0.0
PHOMSELCYSLh,0.0
PHOMSELCYSL,0.0
ACHMSSELCYSLh,0.0
ACHMSSELCYSL,0.0
SEAHCYSHYD,0.0
ACSERLm,0.0
ACSERLh,0.0
ACSERL,0.0
RIBFS,0.0
R5PPH,0.0
R5PFL,0.0
NNPRT,0.0
GTPDH,0.0
PRISM_white_LED,0.0
PRISM_red_LED_array_653nm,0.0
PRISM_red_LED_674nm,0.0
AATHB,0.0
STARCH300DEGR2A,0.0
GLPThi,0.0
UG1PUT,0.0
UGDH,0.0
UGDC,0.0
UG6PGTn,0.0
UG6PGT,0.0
UFAGT,0.0
THP,0.0
SPP,0.0
SAGH,0.0
BFFS,0.0
ABFPTh,0.0
ABFPT,0.0
AATHA,0.0
SGOR,0.0
UGE,0.0
PHYCERAH,0.0
DHCEROR,0.0
CERAH,0.0
DHCERAH,0.0
SPHGNAT,0.0
SPHINGSAT,0.0
SPHK21,0.0
SLCBK1,0.0
SGPL13,0.0
SGPL11,0.0
SERPT,0.0
PSPHS,0.0
3DSPHR,0.0
FADth,0.0
G1P_pi_th,0.0
G3P_pi_thr,0.0
LEUt,0.0
CITALt,0.0
GLNt,0.0
GLYCLTt,0.0
GUAt,0.0
HISt,0.0
HXANt,0.0
LIDOt,0.0
G6PA_pi_th,0.0
MEGLYXYLt,0.0
MG2t,0.0
NO2t,0.0
NO3t,0.0
ORNt,0.0
RIBt,0.0
ARG_Lt,0.0
ALLTTt,0.0
ALLTNt,0.0
ADtr,0.0
ADEt,0.0
ACt,0.0
6MPURt,0.0
5FTHFt,0.0
5FLURAt,0.0
TSULth,0.0
PINA1th,0.0
PEPPIth,0.0
NADth,0.0
NADPHth,0.0
NA1ATPaseh,0.0
MALOAAth,0.0
MALGLUth,0.0
SELTt,0.0
SO4NA1t,0.0
SO4t,0.0
FE2GTPabc,0.0
PE18111Z1829Z12Zt,0.0
PE18111Z1819Zt,0.0
PE1801845Z9Z12Z15Zt,0.0
PE1801835Z9Z12Zt,0.0
PE1801829Z12Zt,0.0
PE1801819Zt,0.0
PAIL1819Z160t,0.0
PAIL18111Z160t,0.0
HCO3_h_ti,0.0
HATPase,0.0
H2ti,0.0
FORti,0.0
FEROt,0.0
FE3t,0.0
ETOHti,0.0
SUCCt,0.0
D_LACti,0.0
COt,0.0
THMt,0.0
NMNt,0.0
MEOHt,0.0
MEOHtm,0.0
URANA1t,0.0
XANNA1t,0.0
ASCBNA1t,0.0
UREAt,0.0
URATEt,0.0
TSULt,0.0
TGUAt,0.0
TEGAt,0.0
GLUth,0.0
GLUNA1th,0.0
GLU4ABUTthi,0.0
MANth,0.0
SERth,0.0
RIBFLVth,0.0
PTRCthr,0.0
PPHNth,0.0
PPCOAth,0.0
PPAth,0.0
PMTCOAth,0.0
PHEth,0.0
PHEMEth,0.0
PAPSPAPthr,0.0
O2thr,0.0
NO2th,0.0
MG2th,0.0
METHFth,0.0
LNLCth,0.0
SQDG18111Z160th,0.0
LEUth,0.0
IPDPth,0.0
IMPth,0.0
ILEth,0.0
HISth,0.0
HGENTISth,0.0
HCYSth,0.0
H2Oth,0.0
GRDPth,0.0
GLYNA1th,0.0
GLYCth,0.0
GLYCLTth,0.0
GALth,0.0
G6PB_pi_th,0.0
SO3t,0.0
SQDG1819Z160th,0.0
FORthi,0.0
THMPPth,0.0
FE3abch,0.0
FE2th,0.0
F6PBth,0.0
F6P_pi_thi,0.0
CO2th,0.0
ATP_3h_th,0.0
ACSERthi,0.0
4ABUTthi,0.0
COth,0.0
PCBth,0.0
SO4th,0.0
GTPth,0.0
AMETth,0.0
H2O2th,0.0
METth,0.0
SUCFUMthr,0.0
DAD5th,0.0
DAD5tm,0.0
BTNth,0.0
ASCBth,0.0
GTHRDth,0.0
VALth,0.0
UMPth,0.0
UDPth,0.0
UDPGth,0.0
UDPGALth,0.0
TYRth,0.0
TRPth,0.0
THRth,0.0
THRNA1th,0.0
UDPDOLPT,0.0
ACRS,0.0
MM1,0.0
HACD2,0.0
EAR60x,0.0
EAR60y,0.0
EAR80x,0.0
EAR80y,0.0
FA100ACPHi,0.0
FA120ACPHi,0.0
FA140ACPHi,0.0
FA160ACPHi,0.0
FA161ACPHi,0.0
FA180ACPHi,0.0
FA1819ZACPH,0.0
FA181ACPHi,0.0
FA80ACPHi,0.0
KAS14,0.0
BTNCm,0.0
EAR40y,0.0
EAR40x,0.0
EAR181y,0.0
EAR100y,0.0
3OAS80,0.0
ACOATA,0.0
ACP1619ZD9DS,0.0
ACP1819ZD9DS,0.0
BTNC,0.0
EAR100x,0.0
EAR120x,0.0
EAR181x,0.0
EAR120y,0.0
EAR140x,0.0
EAR140y,0.0
EAR160x,0.0
EAR160y,0.0
EAR180x,0.0
ECOAH2m,0.0
ECOAH3m,0.0
ECOAH4m,0.0
ACACT6,0.0
ACOAR6m,0.0
ACOAR7m,0.0
ACACT2,0.0
ACACT3,0.0
ACACT4,0.0
ACACT5,0.0
ACACT7,0.0
ACOAR4m,0.0
CYTP450Rh,0.0
ECOAH2,0.0
ECOAH3,0.0
ECOAH4,0.0
ECOAH5,0.0
ECOAH6,0.0
ACOAR5m,0.0
ACOAR3m,0.0
ECOAH5m,0.0
HACD6m,0.0
ECOAH6m,0.0
ECOAH7m,0.0
HACD2m,0.0
HACD3m,0.0
HACD4m,0.0
HACD5m,0.0
HACD7m,0.0
ACOAR2m,0.0
ACACT2m,0.0
ACACT3m,0.0
ACACT4m,0.0
ACACT5m,0.0
ACACT6m,0.0
ACACT7m,0.0
3OAS60,0.0
3OAS181,0.0
3OAS180,0.0
EX_h2_e,0.0
EX_arg_L_e,0.0
EX_so3_e,0.0
EX_s_e,0.0
EX_selt_e,0.0
EX_etoh_e,0.0
EX_for_e,0.0
EX_glyclt_e,0.0
EX_urate_e,0.0
EX_succ_e,0.0
EX_lac_D_e,0.0
EX_6mpur_e,0.0
EX_tgua_e,0.0
EX_tega_e,0.0
EX_5flura_e,0.0
EX_leu_L_e,0.0
EX_gln_L_e,0.0
EX_lido_e,0.0
EX_his_L_e,0.0
EX_mg2_e,0.0
EX_na1_e,0.0
EX_hco3_e,0.0
EX_ac_e,0.0
EX_rib_D_e,0.0
EX_no2_e,0.0
EX_urea_e,0.0
EX_orn_e,0.0
EX_ad_e,0.0
EX_gua_e,0.0
EX_ade_e,0.0
EX_alltt_e,0.0
EX_alltn_e,0.0
EX_hxan_e,0.0
EX_cital_e,0.0
EX_ascb_e,0.0
3OAS160,0.0
MCOATAm,0.0
3OAR40,0.0
3OAR60,0.0
3OAR80,0.0
ACCOAC,0.0
MCOATA,0.0
ACCOACm,0.0
3HAD180,0.0
3OAR140,0.0
3HAD181,0.0
3OAR180,0.0
3OAR181,0.0
3OAS100,0.0
3OAS120,0.0
3OAS140,0.0
3OAR160,0.0
3OAR120,0.0
EX_xan_e,0.0
EX_co_e,0.0
EX_ura_e,0.0
EX_meoh_e,0.0
EX_nmn_e,0.0
EX_thm_e,0.0
EX_pheme_e,0.0
EX_biliverd_e,0.0
3HAD100,0.0
3OAR100,0.0
3HAD120,0.0
3HAD140,0.0
3HAD160,0.0
3HAD40,0.0
3HAD60,0.0
3HAD80,0.0
ECOAH7,0.0
HACD3,0.0
EX_fe2_e,0.0
HACD4,0.0
GDRh,0.0
GDRm,0.0
GLNTL,0.0
GLUTL,0.0
PRDPARh,0.0
GLNTAH,0.0
GLUTAH,0.0
GDHm,0.0
GCL,0.0
GTHS,0.0
GALh,0.0
GALm,0.0
GDH,0.0
GDH_nadp,0.0
GTHAMPOR,0.0
GDR_nadp_m,0.0
GDR_nadp,0.0
GDR,0.0
SFH,0.0
MGHB,0.0
MLGH,0.0
MTGH,0.0
OAGMIG,0.0
RFH,0.0
RGH,0.0
SGHA,0.0
GAM,0.0
SGHB,0.0
SYGH,0.0
GLCURK,0.0
ABAT,0.0
ARGD,0.0
ARGDh,0.0
GTHAMPORh,0.0
GTHAMPORm,0.0
GTHP,0.0
ACOADAGAT18111Z18111Z1819Z,0.0
ACOADAGAT1801819Z1819Z,0.0
ACOADAGAT1801819Z1835Z9Z12Z,0.0
ACOADAGAT1801819Z1845Z9Z12Z15Z,0.0
ACOADAGAT18111Z18111Z160,0.0
ACOADAGAT18111Z18111Z180,0.0
ACOADAGAT18111Z18111Z18111Z,0.0
ACOADAGAT18111Z18111Z1835Z9Z12Z,0.0
ACOADAGAT1801819Z180,0.0
ACOADAGAT18111Z18111Z1845Z9Z12Z15Z,0.0
ACOADAGAT18111Z1819Z160,0.0
ACOADAGAT18111Z1819Z180,0.0
ACOADAGAT18111Z1819Z18111Z,0.0
ACOADAGAT18111Z1819Z1819Z,0.0
ACOADAGAT18111Z1819Z1835Z9Z12Z,0.0
ACOADAGAT1801819Z18111Z,0.0
ACOADAGAT1801819Z160,0.0
OPAH,0.0
ACOADAGAT16018111Z1819Z,0.0
GGGAP,0.0
CGDP,0.0
ALCD19,0.0
ACOADAGAT16018111Z160,0.0
ACOADAGAT16018111Z180,0.0
ACOADAGAT16018111Z18111Z,0.0
ACOADAGAT16018111Z1835Z9Z12Z,0.0
ACOADAGAT1601819Z1845Z9Z12Z15Z,0.0
ACOADAGAT16018111Z1845Z9Z12Z15Z,0.0
ACOADAGAT1601819Z160,0.0
ACOADAGAT1601819Z180,0.0
ACOADAGAT1601819Z18111Z,0.0
ACOADAGAT1601819Z1819Z,0.0
ACOADAGAT1601819Z1835Z9Z12Z,0.0
MGHA,0.0
LCGH,0.0
IAGT,0.0
LNLNCACOAL,0.0
FAH120,0.0
FAH140,0.0
FAH160,0.0
FAH1819Z,0.0
FAH1829Z12Z,0.0
LNLCCOAL,0.0
LNLNCGCOAL,0.0
CACOAL,0.0
PACOAL,0.0
DHNPAr,0.0
10FTHFGLULL,0.0
10FTHFGLULLm,0.0
ADCL,0.0
ADCS,0.0
FACOAL160,0.0
ACOA80OR,0.0
DHFOR,0.0
AACPS4,0.0
HACD5,0.0
HACD6,0.0
HACD7,0.0
AACP1819ZS,0.0
AACPS1,0.0
AACPS3,0.0
AACPS5,0.0
ACOA60OR,0.0
AACPS6,0.0
ACOA100OR,0.0
ACOA120OR,0.0
ACOA140OR,0.0
ACOA160OR,0.0
ACOA40OR,0.0
AKP1,0.0
DHFS,0.0
GRGT,0.0
PFK26,0.0
AM6PTh,0.0
BFBP,0.0
BFBPh,0.0
F2PP,0.0
FBPPH,0.0
GAMPG,0.0
UG4E,0.0
AF1PT,0.0
AGMIS,0.0
EMGH,0.0
GALK,0.0
GALKh,0.0
GALO,0.0
GGGH,0.0
AM6PT,0.0
SBTRh,0.0
DHPS,0.0
THFGLUS,0.0
DNMPPA,0.0
DNTPPA,0.0
FOLD3,0.0
GTPCI,0.0
HPPK,0.0
THFGLUH,0.0
THFOR1,0.0
MPPM,0.0
THFOR2,0.0
THFGLUSm,0.0
AGAKI,0.0
FPGPL,0.0
MAKI,0.0
MPAKI,0.0
EX_fe3_e,0.0
EX_so4_e,0.0
MG3B,0.0
BTNL,0.0
GGDR,0.0
LNS14DM,0.0
LS,0.0
MPQMT,0.0
4MZYMCODH,0.0
CHLSTD78I,0.0
CHLSTI,0.0
CHLSTR,0.0
DDSMSTOLR,0.0
DSMSTOLR,0.0
FPPS,0.0
GGPS,0.0
GPPS,0.0
HPT,0.0
IDI,0.0
DSMSTOLD,0.0
DDSMSTOLD,0.0
CADS,0.0
HAL,0.0
BAOAT,0.0
APOR,0.0
BADP,0.0
HIDP,0.0
PAO,0.0
PBAL,0.0
DHDH,0.0
CADMO,0.0
DHPD,0.0
BUPN,0.0
44MZYMMO,0.0
44MZYMOR,0.0
4MZYMDM,0.0
4MZYMR,0.0
IDS2,0.0
LTHSTRLOR,0.0
TCYD,0.0
EGMEACPR,0.0
LNLCCOAOR,0.0
AMAOTr,0.0
MALCOAMT,0.0
OGMEACPS,0.0
OGMEACPR,0.0
OGMEACPD,0.0
OPMEACPS,0.0
FACOAE1836Z9Z12Z,0.0
OPMEACPR,0.0
OPMEACPD,0.0
EPMEACPR,0.0
PMEACPE,0.0
AOXSr2,0.0
DBTS,0.0
FACOAE1839Z12Z15Z,0.0
FACOAE1829Z12Z,0.0
TCYG,0.0
MSBQMT,0.0
TMTB,0.0
TMTD,0.0
TMTG,0.0
VITD3S,0.0
ZYMSTR,0.0
HST,0.0
3OACOAR,0.0
FACOAE1819Z,0.0
3OACOAS,0.0
COA1819ZD9DS,0.0
ECOAH8,0.0
ECOAR,0.0
FACOAE160,0.0
FACOAE180,0.0
PPCOAOm,0.0
ASAPT,0.0
ASCBOR3,0.0
GACT,0.0
GF6PTA,0.0
UAD,0.0
UDPGALOR,0.0
UMPU,0.0
AOTA,0.0
AOTAm,0.0
GSC,0.0
AAPT,0.0
LGGSOR,0.0
PROOR,0.0
AAAT,0.0
AABHH,0.0
AGGPR,0.0
AGK,0.0
ACGAM6PSi,0.0
UDPACGLP,0.0
ARGDI,0.0
ASNTAH,0.0
ASNTLm,0.0
ASPTLm,0.0
ASNTL,0.0
ASPTL,0.0
ALATL,0.0
ALATAH,0.0
ASPTAH,0.0
UA4E,0.0
AGAT,0.0
AGATx,0.0
ASPS,0.0
ASPSE,0.0
ACGAMPM,0.0
G6PDA,0.0
AODAA,0.0
ARGT,0.0
ASCBOR2,0.0
MDHASCBL,0.0
ARGSS,0.0
GLU5K,0.0
GDPMANNE1,0.0
GDPMANNE2,0.0
GDPMANNE3,0.0
ASCBOR4,0.0
ASCBOR,0.0
OCTh,0.0
GTHDHu,0.0
UDPGLCURH,0.0
GDPGALP,0.0
GAL1PP,0.0
GALOR,0.0
GALTLOR,0.0
OCTm,0.0
OCT,0.0
G5DH,0.0
P5CR,0.0
G5DHm,0.0
G5DHx,0.0
NOS,0.0
NOS1,0.0
NOS2,0.0
ORNTArm,0.0
P5CRm,0.0
ARGSL,0.0
PROTL,0.0
PCOR,0.0
THPOR,0.0
P3H5COR,0.0
ARGTAH,0.0
PROTAH,0.0
BTS5,0.0
BTNL2,0.0
EX_no3_e,0.0
BTNLm,0.0
DM_bhb_m,0.0
DM_bhb_x,0.0
DM_cat_c,0.0
DM_ficytb5_c,0.0
DM_glu5sa_m,0.0
DM_hcarn_c,0.0
DM_icit_h,0.0
DM_na1_h,0.0
DM_na1_m,0.0
DM_na1_x,0.0
DM_no_h,0.0
DM_photon298_c,0.0
DM_photon437_u,0.0
DM_photon438_u,0.0
DM_photon450_h,0.0
DM_asnglcnacglcnacman_LPAREN_man_RPAREN_man_c,0.0
DM_apotfen_h,0.0
SATm,0.0
CYSATm,0.0
CSLh,0.0
AATC,0.0
AATCm,0.0
AATG,0.0
AATGm,0.0
CTINBL,0.0
CYSAT,0.0
SAT,0.0
CYSDO,0.0
CYSS,0.0
CYSS_trdrd,0.0
CYSTBL,0.0
CYSTL,0.0
CYSTAH,0.0
DM_photon490_s,0.0
DM_photon673_u,0.0
DM_udg_m,0.0
5FLURAOR,0.0
LIDOAMH,0.0
LIDODM,0.0
LIDOMO,0.0
MEGLYXYLAMH,0.0
CYTP450R,0.0
56DH5FLURAAMH,0.0
5FLURAPRT,0.0
DMCITALDM,0.0
6MPURPRT,0.0
6TINS5MPOR,0.0
6TXAN5MPAML,0.0
AFLBURPPAAMH,0.0
TEGAMO,0.0
TGUAPRT,0.0
DMCITALOR,0.0
DDMCITALOR,0.0
DM_urdglyc_m,0.0
DM_callose_f,0.0
DM_pqa_h,0.0
DM_amob_m,0.0
DM_12dgr18111Z160_c,0.0
DM_12dgr1819Z160_c,0.0
DM_dad_5_c,0.0
DM_callose_c,0.0
DM_pcb_c,0.0
CITALOR,0.0
DM_fe2_h,0.0
DM_starch_h,0.0
DM_tag_c,0.0
CITALALDOR,0.0
CITALDM,0.0
CITALMO,0.0
CSLm,0.0
SHSL4h,0.0
SHSL2h,0.0
MDH_nadp_hi,0.0
SSNOh,0.0
SSNOm,0.0
CALLOSES,0.0
CALLOSESf,0.0
HCO3Em,0.0
GAPDH_nadp_hi,0.0
MDHCm,0.0
HBCO,0.0
PPC,0.0
PPDKh,0.0
GAPDH_nadp,0.0
ANXANASCOR,0.0
BCAROH,0.0
BCAROKT,0.0
HBCOm,0.0
BTS_nadph,0.0
LCYA,0.0
HBCO_nadp,0.0
BTNLm2,0.0
BCACT,0.0
BCOR,0.0
HBCHL,0.0
HBCHLm,0.0
HBCHLR,0.0
HBCO_nadp_m,0.0
BTS,0.0
HBNOm,0.0
HBNOx,0.0
APLh,0.0
APLm,0.0
BNOR,0.0
BNORh,0.0
BCRPTXANH,0.0
LCYB,0.0
SHSL1h,0.0
ETFQO,0.0
PHYTOOR,0.0
DCPHYTFLOR,0.0
DCZCAROR,0.0
CY_focytc_h,0.0
CY_focytb5_c,0.0
ETF,0.0
CYSTAm,0.0
ZAXANOR,0.0
MERCPPYRST,0.0
3SPYRSPh,0.0
3SPYRSPm,0.0
ACSERSULL,0.0
ACSERSULLh,0.0
ACSERSULLm,0.0
ZHY,0.0
PSY,0.0
LCYD,0.0
PDS2,0.0
LCYE,0.0
LCYG,0.0
LUTH,0.0
NEOXANS,0.0
NOR,0.0
PDS1,0.0
VIOXANOR,0.0
CXHY,0.0
ZDS,0.0
TCZCARI,0.0
TCLYCI,0.0
ANXANOR,0.0
CHYA1,0.0
CHYA2,0.0
ACOADAGAT18111Z1819Z1845Z9Z12Z15Z,0.0
ACOADAGAT1819Z18111Z160,0.0
ACOADAGAT1819Z18111Z180,0.0
PDHam2hi,0.0
SGAT,0.0
2HGOR,0.0
SERR,0.0
THRAL2,0.0
AMO,0.0
AOBUTDxs,0.0
DHLDH,0.0
GLYCDH,0.0
GLYDHD,0.0
GLYPT,0.0
GLYTA,0.0
GLYTL,0.0
GLYTLm,0.0
PGLYCPh,0.0
PGLYDH,0.0
GLYATx,0.0
DHAPT,0.0
G3PD3,0.0
PLPSD18111Z1829Z12Z,0.0
PLPSA21829Z12Z1835Z9Z12Z,0.0
PLPSD1801819Z,0.0
PLPSD1801829Z12Z,0.0
PLPSD1801835Z9Z12Z,0.0
PLPSD1801845Z9Z12Z15Z,0.0
PLPSD18111Z1819Z,0.0
PLPSD18111Z1835Z9Z12Z,0.0
SERDC,0.0
PLPSD18111Z1845Z9Z12Z15Z,0.0
PLPSD1819Z1819Z,0.0
PLPSD1819Z1829Z12Z,0.0
PLPSD1819Z1835Z9Z12Z,0.0
PLPSD1819Z1845Z9Z12Z15Z,0.0
PLPSD1829Z12Z1835Z9Z12Z,0.0
PSAT,0.0
PSP,0.0
SERTL,0.0
GLUKA,0.0
PGMf,0.0
PGMm,0.0
PGMTh,0.0
ACP,0.0
ACPh,0.0
GAPDHi,0.0
GLUKAh,0.0
PGIB,0.0
GLUKB,0.0
GLUKBh,0.0
PFKh,0.0
PDHe2hr,0.0
PDHe2r,0.0
PDHam1hi,0.0
PGIBh,0.0
PGIAh,0.0
THRTL,0.0
FBAf,0.0
THRTLm,0.0
GLYTAH,0.0
SERTAH,0.0
THRTAH,0.0
A1E,0.0
ENOf,0.0
FBAh,0.0
PGIA,0.0
FBAm,0.0
G6PI,0.0
G6PIh,0.0
GAPDHf,0.0
GAPDHm,0.0
PGCM,0.0
PLPSA21819Z1845Z9Z12Z15Z,0.0
PLPSA21819Z1835Z9Z12Z,0.0
PLPSA21819Z1829Z12Z,0.0
1AGPEAT18111Z1845Z9Z12Z15Z,0.0
1AGPEAT1801829Z12Z,0.0
1AGPEAT1801835Z9Z12Z,0.0
1AGPEAT1801845Z9Z12Z15Z,0.0
1AGPEAT18111Z1819Z,0.0
1AGPEAT18111Z1829Z12Z,0.0
1AGPEAT18111Z1835Z9Z12Z,0.0
1AGPEAT1819Z1819Z,0.0
G3PD1,0.0
1AGPEAT1819Z1829Z12Z,0.0
1AGPEAT1819Z1835Z9Z12Z,0.0
1AGPEAT1819Z1845Z9Z12Z15Z,0.0
1AGPEAT1829Z12Z1835Z9Z12Z,0.0
CDIPT18111Z160,0.0
CDIPT1819Z160,0.0
1AGPEAT1801819Z,0.0
UDPSQS,0.0
CDPDAGS18111Z160h,0.0
TAGAH1819Z1819Z1819Z,0.0
TAGAH1819Z18111Z1819Z,0.0
TAGAH1819Z18111Z1835Z9Z12Z,0.0
TAGAH1819Z18111Z1845Z9Z12Z15Z,0.0
TAGAH1819Z1819Z160,0.0
TAGAH1819Z1819Z180,0.0
TAGAH1819Z1819Z18111Z,0.0
TAGAH1819Z1819Z1835Z9Z12Z,0.0
TM1819Z1819Z,0.0
TAGAH1819Z1819Z1845Z9Z12Z15Z,0.0
TM16018111Z,0.0
TM1601819Z,0.0
TM18111Z18111Z,0.0
TM18111Z1819Z,0.0
TM1819Z18111Z,0.0
CDPDAGS18111Z160,0.0
CDPDAGS1819Z160,0.0
PLPSA21819Z1819Z,0.0
PLPSA21801819Z,0.0
PGPS18111Z160,0.0
PGPS18111Z160h,0.0
PGPS1819Z160,0.0
PGPS1819Z160h,0.0
PGW3DS1839Z12Z15Z160,0.0
PGW6DS1829Z12Z160,0.0
PLPSA21801829Z12Z,0.0
PGPP1819Z160,0.0
PLPSA21801835Z9Z12Z,0.0
PLPSA21801845Z9Z12Z15Z,0.0
PLPSA218111Z1819Z,0.0
PLPSA218111Z1829Z12Z,0.0
PLPSA218111Z1835Z9Z12Z,0.0
PLPSA218111Z1845Z9Z12Z15Z,0.0
PGPP1819Z160h,0.0
PGPP18111Z160h,0.0
CDPDAGS1819Z160h,0.0
LPLPS1AGPE18111Z,0.0
ETHAK,0.0
ETHAPT1801819Z,0.0
ETHAPT18111Z1819Z,0.0
ETHAPT1819Z1819Z,0.0
GPDDA2,0.0
LPLPS1AGPE180,0.0
LPLPS1AGPE1819Z,0.0
PGPP18111Z160,0.0
LPLPS1AGPE1829Z12Z,0.0
PETHCT,0.0
PGD3TDS18111Z1613E,0.0
PGD3TDS1819Z1613E,0.0
PGD3TDS1829Z12Z1613E,0.0
PGD3TDS1839Z12Z15Z1613E,0.0
PDHam1mi,0.0
PDHam2mi,0.0
ACOADAGAT1819Z18111Z18111Z,0.0
PDHe3hr,0.0
LYSTAH,0.0
COORr,0.0
MMAOR,0.0
ADSH,0.0
M5TRPH,0.0
ACDO,0.0
ACDO_co,0.0
ACPCS,0.0
ALATLm,0.0
ACRSP,0.0
AHAL,0.0
AHHST,0.0
AHSL,0.0
CBL,0.0
CYSTS,0.0
LYSTL,0.0
LYSTLm,0.0
DHPR,0.0
PAIL3PT18111Z160,0.0
PAIL45PT1819Z160,0.0
PAIL45PH18111Z160,0.0
PAIL45PH1819Z160,0.0
PAIL45ITPH18111Z160,0.0
PAIL45ITPH1819Z160,0.0
PAIL3PT1819Z160,0.0
13HODEOR,0.0
DHDPS,0.0
13HPODEDH,0.0
LLOX13,0.0
LNLCCOADS,0.0
DAPAT,0.0
DAPEP,0.0
DAPDC,0.0
DMT,0.0
M5TAP,0.0
M5TRK,0.0
G16MT,0.0
DOLPMT2,0.0
G12MT1,0.0
G12MT2,0.0
G12MT3,0.0
G12MT4,0.0
G13MT,0.0
GLCNACPT,0.0
DOLPMT,0.0
GLCNACT,0.0
MG1A,0.0
MG1B,0.0
MG2A,0.0
MG2B,0.0
MG3A,0.0
DOLPMT1,0.0
DOLPGT3,0.0
M5TRPI,0.0
AMCL,0.0
MAT,0.0
METTF,0.0
METTL,0.0
MOTA,0.0
MS,0.0
METTAH,0.0
APAPT,0.0
DOLPGT2,0.0
APAPTm,0.0
MTAN,0.0
BDMT,0.0
DOLASNT,0.0
DOLDPP,0.0
DOLPGT1,0.0
PAIL45PT18111Z160,0.0
PAIL4PT1819Z160,0.0
PAIL4PT18111Z160,0.0
ALDH_im4ac,0.0
MALSh,0.0
GDPMT,0.0
MM3,0.0
AOOA,0.0
AOOAh,0.0
ADPART,0.0
AO,0.0
RBCh,0.0
HDC,0.0
HDH,0.0
HDHh,0.0
HISTL,0.0
HP,0.0
HPh,0.0
ACS,0.0
PGLYCPx,0.0
IGPDh,0.0
PDCm,0.0
PGKf,0.0
PGK,0.0
PGKm,0.0
PYKf,0.0
PYKm,0.0
PDCh,0.0
PDHe3mr,0.0
HDAO10x,0.0
HOXPRm,0.0
ATPCS,0.0
FKYNH,0.0
FORAMDx,0.0
FTHDF,0.0
GLYCK,0.0
IGPD,0.0
IMGPS,0.0
MMSD,0.0
MI3PSB,0.0
ITKPHn,0.0
ITKPK,0.0
ITPH,0.0
MI1PP,0.0
MI3PP,0.0
MI3PSA,0.0
MI4PP,0.0
ITKK,0.0
MIBP,0.0
MIHKPP,0.0
MIOOR,0.0
MITKP,0.0
MITP,0.0
MITPn,0.0
ITKPH,0.0
ITK1K,0.0
IMGPSh,0.0
HISTAH,0.0
PRACH,0.0
PRACHh,0.0
PRADP,0.0
PRADPh,0.0
PRICI,0.0
PRICIh,0.0
AMI3TP,0.0
IPKK,0.0
AMITKP,0.0
AMITKPn,0.0
AMITP,0.0
AMITPn,0.0
IBPH,0.0
IBPHn,0.0
TAGAH1819Z18111Z18111Z,0.0
TAGAH1819Z18111Z180,0.0
TAGAH1819Z18111Z160,0.0
TAGAH18111Z1819Z1845Z9Z12Z15Z,0.0
DGDGW6DS1819Z1627Z10Z,0.0
DGDGW6DS1829Z12Z160,0.0
DGDGW6DS1829Z12Z1617Z,0.0
DGDGW6DS1829Z12Z1619Z,0.0
DGDGW6DS1829Z12Z1627Z10Z1,0.0
DGDGW6DS1829Z12Z1627Z10Z2,0.0
DGDGW6DS1829Z12Z1634Z7Z10Z,0.0
DGDGW6DS1829Z12Z1637Z10Z13Z,0.0
DGTSD5DS1601835Z9Z12Z,0.0
DGTSD5DS18111Z1835Z9Z12Z,0.0
DGTSD5DS1819Z1835Z9Z12Z,0.0
DGTSD5DS1829Z12Z1835Z9Z12Z,0.0
DGTSDS1601829Z12Z,0.0
DGTSDS1601845Z9Z12Z15Z,0.0
DGTSDS18111Z1829Z12Z,0.0
DGDGW3DS1839Z12Z15Z1644Z7Z10Z13Z,0.0
DGDGW3DS1839Z12Z15Z1637Z10Z13Z2,0.0
DGDGW3DS1839Z12Z15Z1637Z10Z13Z1,0.0
DGDGGH1839Z12Z15Z1637Z10Z13Z,0.0
DGDGGH1829Z12Z1627Z10Z,0.0
DGDGGH1829Z12Z1634Z7Z10Z,0.0
DGDGGH1829Z12Z1637Z10Z13Z,0.0
DGDGGH1839Z12Z15Z160,0.0
DGDGGH1839Z12Z15Z1627Z10Z,0.0
DGDGGH1839Z12Z15Z1634Z7Z10Z,0.0
DGDGGH1839Z12Z15Z1644Z7Z10Z13Z,0.0
DGDGW3DS1839Z12Z15Z1634Z7Z10Z,0.0
DGDGS1819Z160,0.0
DGDGS1819Z1619Z,0.0
DGDGW3DS1819Z1637Z10Z13Z,0.0
DGDGW3DS1829Z12Z1637Z10Z13Z,0.0
DGDGW3DS1839Z12Z15Z160,0.0
DGDGW3DS1839Z12Z15Z1627Z10Z,0.0
DGTSDS18111Z1845Z9Z12Z15Z,0.0
DGTSDS1819Z1829Z12Z,0.0
DGTSDS1819Z1845Z9Z12Z15Z,0.0
MGDGD4DS1829Z12Z1634Z7Z10Z,0.0
G3PAT181h,0.0
GLYK,0.0
MAGAH160,0.0
MAGAH18111Z,0.0
MAGAH1819Z,0.0
MGDGD4DS1819Z1644Z7Z10Z13Z,0.0
MGDGD4DS1829Z12Z1644Z7Z10Z13Z,0.0
G3PAT1819Z,0.0
MGDGD4DS1839Z12Z15Z1634Z7Z10Z,0.0
MGDGD4DS1839Z12Z15Z1644Z7Z10Z13Z,0.0
MGDGD7DS1819Z1617Z,0.0
MGDGD7DS1829Z12Z1617Z,0.0
MGDGS1819Z160,0.0
MGDGS1819Z1619Z,0.0
G3PAT1819Zh,0.0
G3PAT181,0.0
DGTSDS1829Z12Z18111Z,0.0
DGTSDS1839Z12Z15Z18111Z,0.0
DGTSDS1829Z12Z1819Z,0.0
DGTSDS1829Z12Z1829Z12Z1,0.0
DGTSDS1829Z12Z1829Z12Z2,0.0
DGTSDS1829Z12Z1835Z9Z12Z,0.0
DGTSDS1829Z12Z1845Z9Z12Z15Z1,0.0
DGTSDS1829Z12Z1845Z9Z12Z15Z2,0.0
DGTSDS1839Z12Z15Z1819Z,0.0
G3PAT180h,0.0
DGTSDS1839Z12Z15Z1835Z9Z12Z,0.0
DGTSDS1839Z12Z15Z1845Z9Z12Z15Z1,0.0
DGTSDS1839Z12Z15Z1845Z9Z12Z15Z2,0.0
FACOAL18111Z,0.0
G3PAT160,0.0
G3PAT160h,0.0
DGDGGH1829Z12Z1619Z,0.0
DGDGGH1829Z12Z1617Z,0.0
DGDGGH1829Z12Z160,0.0
AGPATCOA16018111Z,0.0
AGPAT18111Z160h,0.0
AGPAT18111Z1819Zh,0.0
AGPAT1819Z160h,0.0
AGPAT1819Z1619Zh,0.0
AGPAT1819Z18111Zh,0.0
AGPAT1819Z1819Zh,0.0
AGPATCOA1601819Z,0.0
AGPAT160h,0.0
AGPATCOA18111Z160,0.0
AGPATCOA18111Z18111Z,0.0
AGPATCOA18111Z1819Z,0.0
AGPATCOA1819Z160,0.0
AGPATCOA1819Z18111Z,0.0
AGPATCOA1819Z1819Z,0.0
AGPAT1801819Zh,0.0
AGPAT1601819Zh,0.0
ASQDCADS1839Z12Z15Z160,0.0
ACOADAGAT1819Z1819Z1819Z,0.0
ACOADAGAT1819Z18111Z1819Z,0.0
ACOADAGAT1819Z18111Z1835Z9Z12Z,0.0
ACOADAGAT1819Z18111Z1845Z9Z12Z15Z,0.0
ACOADAGAT1819Z1819Z160,0.0
ACOADAGAT1819Z1819Z180,0.0
ACOADAGAT1819Z1819Z18111Z,0.0
ACOADAGAT1819Z1819Z1835Z9Z12Z,0.0
ACPT1819Z1819Z,0.0
ACOADAGAT1819Z1819Z1845Z9Z12Z15Z,0.0
ACPT16018111Z,0.0
ACPT1601819Z,0.0
ACPT18111Z18111Z,0.0
ACPT18111Z1819Z,0.0
ACPT1819Z18111Z,0.0
ASQDCADS1829Z12Z160,0.0
ASQDPADS1829Z12Z160,0.0
DGDGGH1819Z1637Z10Z13Z,0.0
DGDGD4DS1839Z12Z15Z1634Z7Z10Z,0.0
DAGK1819Z18111Z,0.0
DAGK1819Z18111Zh,0.0
DAGK1819Z1819Z,0.0
DAGK1819Z1819Zh,0.0
DGDGD4DS1819Z1634Z7Z10Z,0.0
DGDGD4DS1829Z12Z1634Z7Z10Z,0.0
DGDGD4DS1839Z12Z15Z1644Z7Z10Z13Z,0.0
DAGK1819Z160h,0.0
DGDGD7DS1819Z1617Z,0.0
DGDGD7DS1829Z12Z1617Z,0.0
DGDGGH1819Z160,0.0
DGDGGH1819Z1617Z,0.0
DGDGGH1819Z1619Z,0.0
DGDGGH1819Z1627Z10Z,0.0
DAGK1819Z1619Zh,0.0
DAGK18111Z1819Zh,0.0
ASQDPADS1839Z12Z15Z160,0.0
DAGK16018111Z,0.0
DAGAH16018111Z,0.0
DAGAH1601819Z,0.0
DAGAH18111Z18111Z,0.0
DAGAH18111Z1819Z,0.0
DAGAH1819Z18111Z,0.0
DAGAH1819Z1819Z,0.0
DAGK1601819Z,0.0
DAGK18111Z1819Z,0.0
DAGK1601819Zh,0.0
DAGK160h,0.0
DAGK1801819Z,0.0
DAGK1801819Zh,0.0
DAGK181,0.0
DAGK18111Z160h,0.0
MGDGW3DS1819Z1637Z10Z13Z,0.0
MGDGW3DS1829Z12Z1637Z10Z13Z,0.0
MGDGW3DS1829Z12Z1644Z7Z10Z13Z,0.0
PLDAGAT1819Z1819Z18111Z2,0.0
PLDAGAT1819Z18111Z1819Z2,0.0
PLDAGAT1819Z18111Z1819Z3,0.0
PLDAGAT1819Z18111Z1819Z4,0.0
PLDAGAT1819Z1819Z1601,0.0
PLDAGAT1819Z1819Z1602,0.0
PLDAGAT1819Z1819Z18111Z1,0.0
PLDAGAT1819Z1819Z18111Z3,0.0
PLDAGAT1819Z18111Z18111Z3,0.0
PLDAGAT1819Z1819Z1819Z1,0.0
PLDAGAT1819Z1819Z1819Z2,0.0
PLDAGAT1819Z1819Z1819Z3,0.0
PLDAGAT1819Z1819Z1819Z4,0.0
SQDGATCA18111Z160,0.0
SQDGATCA1819Z160,0.0
PLDAGAT1819Z18111Z1819Z1,0.0
PLDAGAT1819Z18111Z18111Z2,0.0
SQDGATPA1819Z160,0.0
PLDAGAT18111Z1819Z18111Z2,0.0
PLDAGAT18111Z18111Z1819Z2,0.0
PLDAGAT18111Z18111Z1819Z3,0.0
PLDAGAT18111Z18111Z1819Z4,0.0
PLDAGAT18111Z1819Z1601,0.0
PLDAGAT18111Z1819Z1602,0.0
PLDAGAT18111Z1819Z18111Z1,0.0
PLDAGAT18111Z1819Z18111Z3,0.0
PLDAGAT1819Z18111Z18111Z1,0.0
PLDAGAT18111Z1819Z1819Z1,0.0
PLDAGAT18111Z1819Z1819Z2,0.0
PLDAGAT18111Z1819Z1819Z3,0.0
PLDAGAT18111Z1819Z1819Z4,0.0
PLDAGAT1819Z18111Z1601,0.0
PLDAGAT1819Z18111Z1602,0.0
SQDGATPA18111Z160,0.0
SQDGS160,0.0
PLDAGAT18111Z18111Z18111Z3,0.0
TAGAH18111Z18111Z1819Z,0.0
TAGAH1801819Z1819Z,0.0
TAGAH1801819Z1835Z9Z12Z,0.0
TAGAH1801819Z1845Z9Z12Z15Z,0.0
TAGAH18111Z18111Z160,0.0
TAGAH18111Z18111Z180,0.0
TAGAH18111Z18111Z18111Z,0.0
TAGAH18111Z18111Z1835Z9Z12Z,0.0
TAGAH1801819Z180,0.0
TAGAH18111Z18111Z1845Z9Z12Z15Z,0.0
TAGAH18111Z1819Z160,0.0
TAGAH18111Z1819Z180,0.0
TAGAH18111Z1819Z18111Z,0.0
TAGAH18111Z1819Z1819Z,0.0
TAGAH18111Z1819Z1835Z9Z12Z,0.0
TAGAH1801819Z18111Z,0.0
TAGAH1801819Z160,0.0
SQDGS18111Z160,0.0
TAGAH16018111Z1819Z,0.0
SQDGS1819Z160,0.0
SQDGW3DS1839Z12Z15Z160,0.0
SQDGW6DS1829Z12Z160,0.0
TAGAH16018111Z160,0.0
TAGAH16018111Z180,0.0
TAGAH16018111Z18111Z,0.0
TAGAH16018111Z1835Z9Z12Z,0.0
TAGAH1601819Z1845Z9Z12Z15Z,0.0
TAGAH16018111Z1845Z9Z12Z15Z,0.0
TAGAH1601819Z160,0.0
TAGAH1601819Z180,0.0
TAGAH1601819Z18111Z,0.0
TAGAH1601819Z1819Z,0.0
TAGAH1601819Z1835Z9Z12Z,0.0
PLDAGAT18111Z18111Z1819Z1,0.0
PLDAGAT18111Z18111Z18111Z2,0.0
MGDGW3DS1839Z12Z15Z160,0.0
PAPA1819Z1619Zh,0.0
PAPA1801819Zh,0.0
PAPA181,0.0
PAPA18111Z160h,0.0
PAPA18111Z1819Z,0.0
PAPA18111Z1819Zh,0.0
PAPA1819Z160h,0.0
PAPA1819Z18111Z,0.0
PAPA1601819Zh,0.0
PAPA1819Z18111Zh,0.0
PAPA1819Z1819Z,0.0
PAPA1819Z1819Zh,0.0
PED5DS1801835Z9Z12Z,0.0
PED5DS18111Z1835Z9Z12Z,0.0
PED5DS1819Z1835Z9Z12Z,0.0
PAPA160h,0.0
PAPA1601819Z,0.0
PEDS1801845Z9Z12Z15Z,0.0
MGDGW6DS1819Z1627Z10Z,0.0
MGDGW3DS1839Z12Z15Z1627Z10Z,0.0
MGDGW3DS1839Z12Z15Z1634Z7Z10Z,0.0
MGDGW3DS1839Z12Z15Z1637Z10Z13Z1,0.0
MGDGW3DS1839Z12Z15Z1637Z10Z13Z2,0.0
MGDGW3DS1839Z12Z15Z1644Z7Z10Z13Z1,0.0
MGDGW3DS1839Z12Z15Z1644Z7Z10Z13Z2,0.0
MGDGW6DS1829Z12Z160,0.0
PAPA16018111Z,0.0
MGDGW6DS1829Z12Z1617Z,0.0
MGDGW6DS1829Z12Z1619Z,0.0
MGDGW6DS1829Z12Z1627Z10Z1,0.0
MGDGW6DS1829Z12Z1627Z10Z2,0.0
MGDGW6DS1829Z12Z1637Z10Z13Z,0.0
MGDGW6DS1829Z12Z1644Z7Z10Z13Z,0.0
PEDS1801829Z12Z,0.0
PEDS18111Z1829Z12Z,0.0
PLDAGAT18111Z18111Z18111Z1,0.0
PLDAGAT1801819Z18111Z2,0.0
PLDAGAT1601819Z1819Z2,0.0
PLDAGAT1601819Z1819Z3,0.0
PLDAGAT1601819Z1819Z4,0.0
PLDAGAT1801819Z1601,0.0
PLDAGAT1801819Z1602,0.0
PLDAGAT1801819Z18111Z1,0.0
PLDAGAT1801819Z18111Z3,0.0
PLDAGAT1601819Z18111Z3,0.0
PLDAGAT1801819Z1819Z1,0.0
PLDAGAT1801819Z1819Z2,0.0
PLDAGAT1801819Z1819Z3,0.0
PLDAGAT1801819Z1819Z4,0.0
PLDAGAT18111Z18111Z1601,0.0
PLDAGAT18111Z18111Z1602,0.0
PLDAGAT1601819Z1819Z1,0.0
PLDAGAT1601819Z18111Z2,0.0
PEDS18111Z1845Z9Z12Z15Z,0.0
PLDAGAT16018111Z18111Z2,0.0
PEDS1819Z1829Z12Z,0.0
PEDS1819Z1845Z9Z12Z15Z,0.0
PEDS1829Z12Z1835Z9Z12Z,0.0
PLDAGAT16018111Z1601,0.0
PLDAGAT16018111Z1602,0.0
PLDAGAT16018111Z18111Z1,0.0
PLDAGAT16018111Z18111Z3,0.0
PLDAGAT1601819Z18111Z1,0.0
PLDAGAT16018111Z1819Z1,0.0
PLDAGAT16018111Z1819Z2,0.0
PLDAGAT16018111Z1819Z3,0.0
PLDAGAT16018111Z1819Z4,0.0
PLDAGAT1601819Z1601,0.0
PLDAGAT1601819Z1602,0.0
sink_ergost7enol_c,0.0
